,date,adjusted_value
0,2016-01-01,144
1,2016-01-02,153
2,2016-01-03,159
3,2016-01-04,165
4,2016-01-05,177
5,2016-01-06,174
6,2016-01-07,237
7,2016-01-08,225
8,2016-01-09,180
9,2016-01-10,141
10,2016-01-11,171
11,2016-01-12,162
12,2016-01-13,192
13,2016-01-14,156
14,2016-01-15,300
15,2016-01-16,276
16,2016-01-17,228
17,2016-01-18,225
18,2016-01-19,213
19,2016-01-20,213
20,2016-01-21,213
21,2016-01-22,174
22,2016-01-23,174
23,2016-01-24,168
24,2016-01-25,162
25,2016-01-26,165
26,2016-01-27,174
27,2016-01-28,156
28,2016-01-29,165
29,2016-01-30,147
30,2016-01-31,156
31,2016-02-01,153
32,2016-02-02,150
33,2016-02-03,153
34,2016-02-04,162
35,2016-02-05,150
36,2016-02-06,147
37,2016-02-07,150
38,2016-02-08,141
39,2016-02-09,150
40,2016-02-10,156
41,2016-02-11,183
42,2016-02-12,165
43,2016-02-13,168
44,2016-02-14,186
45,2016-02-15,198
46,2016-02-16,198
47,2016-02-17,213
48,2016-02-18,300
49,2016-02-19,252
50,2016-02-20,201
51,2016-02-21,186
52,2016-02-22,189
53,2016-02-23,198
54,2016-02-24,195
55,2016-02-25,174
56,2016-02-26,165
57,2016-02-27,177
58,2016-02-28,162
59,2016-02-29,156
60,2016-03-01,188
61,2016-03-02,162
62,2016-03-03,200
63,2016-03-04,164
64,2016-03-05,180
65,2016-03-06,160
66,2016-03-07,164
67,2016-03-08,152
68,2016-03-09,166
69,2016-03-10,152
70,2016-03-11,146
71,2016-03-12,156
72,2016-03-13,148
73,2016-03-14,166
74,2016-03-15,150
75,2016-03-16,146
76,2016-03-17,146
77,2016-03-18,140
78,2016-03-19,130
79,2016-03-20,158
80,2016-03-21,148
81,2016-03-22,136
82,2016-03-23,142
83,2016-03-24,142
84,2016-03-25,132
85,2016-03-26,134
86,2016-03-27,150
87,2016-03-28,156
88,2016-03-29,148
89,2016-03-30,152
90,2016-03-31,156
91,2016-04-01,152
92,2016-04-02,148
93,2016-04-03,142
94,2016-04-04,142
95,2016-04-05,162
96,2016-04-06,150
97,2016-04-07,156
98,2016-04-08,146
99,2016-04-09,142
100,2016-04-10,162
101,2016-04-11,160
102,2016-04-12,164
103,2016-04-13,148
104,2016-04-14,162
105,2016-04-15,148
106,2016-04-16,162
107,2016-04-17,144
108,2016-04-18,138
109,2016-04-19,170
110,2016-04-20,162
111,2016-04-21,196
112,2016-04-22,164
113,2016-04-23,170
114,2016-04-24,174
115,2016-04-25,168
116,2016-04-26,168
117,2016-04-27,192
118,2016-04-28,200
119,2016-04-29,160
120,2016-04-30,162
121,2016-05-01,96
122,2016-05-02,300
123,2016-05-03,183
124,2016-05-04,129
125,2016-05-05,147
126,2016-05-06,114
127,2016-05-07,105
128,2016-05-08,102
129,2016-05-09,126
130,2016-05-10,108
131,2016-05-11,102
132,2016-05-12,102
133,2016-05-13,102
134,2016-05-14,99
135,2016-05-15,93
136,2016-05-16,87
137,2016-05-17,102
138,2016-05-18,96
139,2016-05-19,108
140,2016-05-20,108
141,2016-05-21,99
142,2016-05-22,102
143,2016-05-23,96
144,2016-05-24,102
145,2016-05-25,90
146,2016-05-26,96
147,2016-05-27,114
148,2016-05-28,138
149,2016-05-29,165
150,2016-05-30,159
151,2016-05-31,147
152,2016-06-01,164
153,2016-06-02,152
154,2016-06-03,176
155,2016-06-04,148
156,2016-06-05,152
157,2016-06-06,172
158,2016-06-07,164
159,2016-06-08,160
160,2016-06-09,148
161,2016-06-10,136
162,2016-06-11,148
163,2016-06-12,264
164,2016-06-13,324
165,2016-06-14,244
166,2016-06-15,212
167,2016-06-16,308
168,2016-06-17,276
169,2016-06-18,236
170,2016-06-19,204
171,2016-06-20,220
172,2016-06-21,260
173,2016-06-22,212
174,2016-06-23,252
175,2016-06-24,400
176,2016-06-25,240
177,2016-06-26,204
178,2016-06-27,204
179,2016-06-28,200
180,2016-06-29,176
181,2016-06-30,200
182,2016-07-01,237
183,2016-07-02,216
184,2016-07-03,231
185,2016-07-04,210
186,2016-07-05,219
187,2016-07-06,222
188,2016-07-07,231
189,2016-07-08,219
190,2016-07-09,300
191,2016-07-10,243
192,2016-07-11,228
193,2016-07-12,201
194,2016-07-13,180
195,2016-07-14,168
196,2016-07-15,180
197,2016-07-16,177
198,2016-07-17,177
199,2016-07-18,162
200,2016-07-19,174
201,2016-07-20,168
202,2016-07-21,162
203,2016-07-22,159
204,2016-07-23,141
205,2016-07-24,144
206,2016-07-25,147
207,2016-07-26,180
208,2016-07-27,168
209,2016-07-28,156
210,2016-07-29,147
211,2016-07-30,153
212,2016-07-31,159
213,2016-08-01,72
214,2016-08-02,102
215,2016-08-03,200
216,2016-08-04,110
217,2016-08-05,90
218,2016-08-06,76
219,2016-08-07,82
220,2016-08-08,84
221,2016-08-09,72
222,2016-08-10,66
223,2016-08-11,66
224,2016-08-12,60
225,2016-08-13,66
226,2016-08-14,58
227,2016-08-15,68
228,2016-08-16,64
229,2016-08-17,66
230,2016-08-18,68
231,2016-08-19,68
232,2016-08-20,58
233,2016-08-21,64
234,2016-08-22,64
235,2016-08-23,68
236,2016-08-24,68
237,2016-08-25,66
238,2016-08-26,64
239,2016-08-27,68
240,2016-08-28,56
241,2016-08-29,58
242,2016-08-30,60
243,2016-08-31,68
244,2016-09-01,148
245,2016-09-02,150
246,2016-09-03,152
247,2016-09-04,174
248,2016-09-05,166
249,2016-09-06,164
250,2016-09-07,154
251,2016-09-08,200
252,2016-09-09,162
253,2016-09-10,184
254,2016-09-11,164
255,2016-09-12,164
256,2016-09-13,170
257,2016-09-14,156
258,2016-09-15,156
259,2016-09-16,160
260,2016-09-17,148
261,2016-09-18,148
262,2016-09-19,144
263,2016-09-20,156
264,2016-09-21,166
265,2016-09-22,156
266,2016-09-23,146
267,2016-09-24,184
268,2016-09-25,132
269,2016-09-26,140
270,2016-09-27,140
271,2016-09-28,144
272,2016-09-29,144
273,2016-09-30,152
274,2016-10-01,156
275,2016-10-02,156
276,2016-10-03,150
277,2016-10-04,136
278,2016-10-05,142
279,2016-10-06,130
280,2016-10-07,142
281,2016-10-08,140
282,2016-10-09,138
283,2016-10-10,142
284,2016-10-11,178
285,2016-10-12,166
286,2016-10-13,156
287,2016-10-14,152
288,2016-10-15,134
289,2016-10-16,144
290,2016-10-17,152
291,2016-10-18,148
292,2016-10-19,160
293,2016-10-20,146
294,2016-10-21,144
295,2016-10-22,156
296,2016-10-23,160
297,2016-10-24,160
298,2016-10-25,170
299,2016-10-26,176
300,2016-10-27,188
301,2016-10-28,194
302,2016-10-29,200
303,2016-10-30,186
304,2016-10-31,194
305,2016-11-01,252
306,2016-11-02,231
307,2016-11-03,210
308,2016-11-04,204
309,2016-11-05,186
310,2016-11-06,168
311,2016-11-07,186
312,2016-11-08,162
313,2016-11-09,300
314,2016-11-10,201
315,2016-11-11,180
316,2016-11-12,183
317,2016-11-13,180
318,2016-11-14,168
319,2016-11-15,210
320,2016-11-16,216
321,2016-11-17,222
322,2016-11-18,222
323,2016-11-19,201
324,2016-11-20,186
325,2016-11-21,177
326,2016-11-22,210
327,2016-11-23,225
328,2016-11-24,192
329,2016-11-25,180
330,2016-11-26,171
331,2016-11-27,186
332,2016-11-28,189
333,2016-11-29,192
334,2016-11-30,225
335,2016-12-01,147
336,2016-12-02,162
337,2016-12-03,141
338,2016-12-04,132
339,2016-12-05,165
340,2016-12-06,174
341,2016-12-07,162
342,2016-12-08,168
343,2016-12-09,147
344,2016-12-10,144
345,2016-12-11,129
346,2016-12-12,150
347,2016-12-13,162
348,2016-12-14,150
349,2016-12-15,141
350,2016-12-16,153
351,2016-12-17,141
352,2016-12-18,135
353,2016-12-19,147
354,2016-12-20,150
355,2016-12-21,219
356,2016-12-22,261
357,2016-12-23,300
358,2016-12-24,237
359,2016-12-25,219
360,2016-12-26,207
361,2016-12-27,231
362,2016-12-28,273
363,2016-12-29,291
364,2016-12-30,252
365,2016-12-31,222
366,2017-01-01,215
367,2017-01-02,375
368,2017-01-03,320
369,2017-01-04,390
370,2017-01-05,485
371,2017-01-06,500
372,2017-01-07,325
373,2017-01-08,255
374,2017-01-09,250
375,2017-01-10,240
376,2017-01-11,295
377,2017-01-12,300
378,2017-01-13,240
379,2017-01-14,230
380,2017-01-15,200
381,2017-01-16,195
382,2017-01-17,220
383,2017-01-18,205
384,2017-01-19,210
385,2017-01-20,190
386,2017-01-21,180
387,2017-01-22,170
388,2017-01-23,180
389,2017-01-24,195
390,2017-01-25,185
391,2017-01-26,190
392,2017-01-27,175
393,2017-01-28,175
394,2017-01-29,165
395,2017-01-30,175
396,2017-01-31,195
397,2017-02-01,256
398,2017-02-02,288
399,2017-02-03,300
400,2017-02-04,252
401,2017-02-05,248
402,2017-02-06,228
403,2017-02-07,268
404,2017-02-08,292
405,2017-02-09,320
406,2017-02-10,276
407,2017-02-11,244
408,2017-02-12,220
409,2017-02-13,228
410,2017-02-14,236
411,2017-02-15,224
412,2017-02-16,236
413,2017-02-17,236
414,2017-02-18,244
415,2017-02-19,204
416,2017-02-20,228
417,2017-02-21,320
418,2017-02-22,304
419,2017-02-23,340
420,2017-02-24,400
421,2017-02-25,280
422,2017-02-26,268
423,2017-02-27,280
424,2017-02-28,304
425,2017-03-01,260
426,2017-03-02,365
427,2017-03-03,430
428,2017-03-04,320
429,2017-03-05,265
430,2017-03-06,305
431,2017-03-07,305
432,2017-03-08,310
433,2017-03-09,310
434,2017-03-10,500
435,2017-03-11,405
436,2017-03-12,290
437,2017-03-13,300
438,2017-03-14,255
439,2017-03-15,255
440,2017-03-16,280
441,2017-03-17,280
442,2017-03-18,335
443,2017-03-19,300
444,2017-03-20,275
445,2017-03-21,265
446,2017-03-22,260
447,2017-03-23,240
448,2017-03-24,250
449,2017-03-25,265
450,2017-03-26,240
451,2017-03-27,245
452,2017-03-28,225
453,2017-03-29,230
454,2017-03-30,200
455,2017-03-31,215
456,2017-04-01,296
457,2017-04-02,284
458,2017-04-03,320
459,2017-04-04,340
460,2017-04-05,300
461,2017-04-06,316
462,2017-04-07,348
463,2017-04-08,300
464,2017-04-09,304
465,2017-04-10,308
466,2017-04-11,332
467,2017-04-12,336
468,2017-04-13,340
469,2017-04-14,304
470,2017-04-15,276
471,2017-04-16,304
472,2017-04-17,312
473,2017-04-18,344
474,2017-04-19,312
475,2017-04-20,312
476,2017-04-21,328
477,2017-04-22,296
478,2017-04-23,276
479,2017-04-24,308
480,2017-04-25,336
481,2017-04-26,388
482,2017-04-27,400
483,2017-04-28,400
484,2017-04-29,356
485,2017-04-30,336
486,2017-05-01,240
487,2017-05-02,252
488,2017-05-03,252
489,2017-05-04,336
490,2017-05-05,300
491,2017-05-06,240
492,2017-05-07,228
493,2017-05-08,264
494,2017-05-09,336
495,2017-05-10,336
496,2017-05-11,360
497,2017-05-12,396
498,2017-05-13,408
499,2017-05-14,348
500,2017-05-15,396
501,2017-05-16,360
502,2017-05-17,348
503,2017-05-18,300
504,2017-05-19,396
505,2017-05-20,384
506,2017-05-21,408
507,2017-05-22,852
508,2017-05-23,804
509,2017-05-24,876
510,2017-05-25,1200
511,2017-05-26,900
512,2017-05-27,636
513,2017-05-28,492
514,2017-05-29,468
515,2017-05-30,456
516,2017-05-31,456
517,2017-06-01,682
518,2017-06-02,671
519,2017-06-03,638
520,2017-06-04,583
521,2017-06-05,704
522,2017-06-06,1045
523,2017-06-07,924
524,2017-06-08,737
525,2017-06-09,737
526,2017-06-10,704
527,2017-06-11,715
528,2017-06-12,1100
529,2017-06-13,825
530,2017-06-14,792
531,2017-06-15,1078
532,2017-06-16,792
533,2017-06-17,671
534,2017-06-18,638
535,2017-06-19,605
536,2017-06-20,704
537,2017-06-21,726
538,2017-06-22,638
539,2017-06-23,583
540,2017-06-24,583
541,2017-06-25,561
542,2017-06-26,660
543,2017-06-27,737
544,2017-06-28,671
545,2017-06-29,583
546,2017-06-30,550
547,2017-07-01,540
548,2017-07-02,576
549,2017-07-03,594
550,2017-07-04,594
551,2017-07-05,639
552,2017-07-06,603
553,2017-07-07,576
554,2017-07-08,567
555,2017-07-09,531
556,2017-07-10,729
557,2017-07-11,693
558,2017-07-12,684
559,2017-07-13,612
560,2017-07-14,630
561,2017-07-15,702
562,2017-07-16,810
563,2017-07-17,756
564,2017-07-18,783
565,2017-07-19,711
566,2017-07-20,900
567,2017-07-21,855
568,2017-07-22,729
569,2017-07-23,774
570,2017-07-24,702
571,2017-07-25,801
572,2017-07-26,756
573,2017-07-27,720
574,2017-07-28,828
575,2017-07-29,702
576,2017-07-30,684
577,2017-07-31,810
578,2017-08-01,1584
579,2017-08-02,1296
580,2017-08-03,768
581,2017-08-04,736
582,2017-08-05,944
583,2017-08-06,752
584,2017-08-07,912
585,2017-08-08,976
586,2017-08-09,832
587,2017-08-10,784
588,2017-08-11,896
589,2017-08-12,992
590,2017-08-13,1280
591,2017-08-14,1600
592,2017-08-15,1488
593,2017-08-16,1216
594,2017-08-17,1136
595,2017-08-18,1120
596,2017-08-19,992
597,2017-08-20,880
598,2017-08-21,832
599,2017-08-22,1136
600,2017-08-23,976
601,2017-08-24,944
602,2017-08-25,960
603,2017-08-26,736
604,2017-08-27,656
605,2017-08-28,752
606,2017-08-29,992
607,2017-08-30,960
608,2017-08-31,1104
609,2017-09-01,1035
610,2017-09-02,975
611,2017-09-03,765
612,2017-09-04,975
613,2017-09-05,1005
614,2017-09-06,780
615,2017-09-07,705
616,2017-09-08,855
617,2017-09-09,645
618,2017-09-10,585
619,2017-09-11,690
620,2017-09-12,810
621,2017-09-13,1170
622,2017-09-14,1500
623,2017-09-15,1455
624,2017-09-16,900
625,2017-09-17,690
626,2017-09-18,915
627,2017-09-19,840
628,2017-09-20,705
629,2017-09-21,750
630,2017-09-22,690
631,2017-09-23,615
632,2017-09-24,525
633,2017-09-25,585
634,2017-09-26,570
635,2017-09-27,645
636,2017-09-28,660
637,2017-09-29,600
638,2017-09-30,585
639,2017-10-01,544
640,2017-10-02,608
641,2017-10-03,592
642,2017-10-04,560
643,2017-10-05,544
644,2017-10-06,544
645,2017-10-07,512
646,2017-10-08,560
647,2017-10-09,656
648,2017-10-10,720
649,2017-10-11,656
650,2017-10-12,1312
651,2017-10-13,1600
652,2017-10-14,1008
653,2017-10-15,880
654,2017-10-16,1024
655,2017-10-17,976
656,2017-10-18,1008
657,2017-10-19,928
658,2017-10-20,1232
659,2017-10-21,1248
660,2017-10-22,912
661,2017-10-23,1184
662,2017-10-24,1216
663,2017-10-25,1136
664,2017-10-26,1104
665,2017-10-27,960
666,2017-10-28,768
667,2017-10-29,848
668,2017-10-30,1040
669,2017-10-31,1344
670,2017-11-01,880
671,2017-11-02,1240
672,2017-11-03,1040
673,2017-11-04,840
674,2017-11-05,800
675,2017-11-06,840
676,2017-11-07,800
677,2017-11-08,920
678,2017-11-09,840
679,2017-11-10,1080
680,2017-11-11,960
681,2017-11-12,1200
682,2017-11-13,1080
683,2017-11-14,840
684,2017-11-15,840
685,2017-11-16,880
686,2017-11-17,1160
687,2017-11-18,880
688,2017-11-19,760
689,2017-11-20,1040
690,2017-11-21,1040
691,2017-11-22,840
692,2017-11-23,760
693,2017-11-24,800
694,2017-11-25,880
695,2017-11-26,1440
696,2017-11-27,1800
697,2017-11-28,2160
698,2017-11-29,4000
699,2017-11-30,2960
700,2017-12-01,3500
701,2017-12-02,2600
702,2017-12-03,2400
703,2017-12-04,2700
704,2017-12-05,2900
705,2017-12-06,4200
706,2017-12-07,10000
707,2017-12-08,8500
708,2017-12-09,5400
709,2017-12-10,5100
710,2017-12-11,5800
711,2017-12-12,5700
712,2017-12-13,4800
713,2017-12-14,4000
714,2017-12-15,3700
715,2017-12-16,3800
716,2017-12-17,4100
717,2017-12-18,4100
718,2017-12-19,4300
719,2017-12-20,6700
720,2017-12-21,4500
721,2017-12-22,9800
722,2017-12-23,5800
723,2017-12-24,3900
724,2017-12-25,3300
725,2017-12-26,3400
726,2017-12-27,3100
727,2017-12-28,3300
728,2017-12-29,2800
729,2017-12-30,2800
730,2017-12-31,2200
731,2018-01-01,1950
732,2018-01-02,2450
733,2018-01-03,2550
734,2018-01-04,2350
735,2018-01-05,2400
736,2018-01-06,2200
737,2018-01-07,2100
738,2018-01-08,2300
739,2018-01-09,2150
740,2018-01-10,2200
741,2018-01-11,2700
742,2018-01-12,2050
743,2018-01-13,1750
744,2018-01-14,1650
745,2018-01-15,1550
746,2018-01-16,3700
747,2018-01-17,5000
748,2018-01-18,3250
749,2018-01-19,2300
750,2018-01-20,1850
751,2018-01-21,1750
752,2018-01-22,2000
753,2018-01-23,2050
754,2018-01-24,1900
755,2018-01-25,1900
756,2018-01-26,1800
757,2018-01-27,1500
758,2018-01-28,1350
759,2018-01-29,1400
760,2018-01-30,1650
761,2018-01-31,1800
762,2018-02-01,2072
763,2018-02-02,2886
764,2018-02-03,1850
765,2018-02-04,1517
766,2018-02-05,2738
767,2018-02-06,3700
768,2018-02-07,2146
769,2018-02-08,1887
770,2018-02-09,1554
771,2018-02-10,1221
772,2018-02-11,1147
773,2018-02-12,1221
774,2018-02-13,1184
775,2018-02-14,1147
776,2018-02-15,1221
777,2018-02-16,1110
778,2018-02-17,999
779,2018-02-18,1147
780,2018-02-19,925
781,2018-02-20,1184
782,2018-02-21,1184
783,2018-02-22,1036
784,2018-02-23,925
785,2018-02-24,851
786,2018-02-25,740
787,2018-02-26,851
788,2018-02-27,888
789,2018-02-28,888
790,2018-03-01,1420
791,2018-03-02,1380
792,2018-03-03,1300
793,2018-03-04,1140
794,2018-03-05,1340
795,2018-03-06,1360
796,2018-03-07,1720
797,2018-03-08,1680
798,2018-03-09,1900
799,2018-03-10,1280
800,2018-03-11,1220
801,2018-03-12,1520
802,2018-03-13,1400
803,2018-03-14,1660
804,2018-03-15,2000
805,2018-03-16,1560
806,2018-03-17,1360
807,2018-03-18,1720
808,2018-03-19,1620
809,2018-03-20,1400
810,2018-03-21,1400
811,2018-03-22,1440
812,2018-03-23,1340
813,2018-03-24,940
814,2018-03-25,920
815,2018-03-26,1320
816,2018-03-27,1400
817,2018-03-28,1240
818,2018-03-29,1620
819,2018-03-30,1860
820,2018-03-31,1300
821,2018-04-01,1547
822,2018-04-02,1700
823,2018-04-03,1581
824,2018-04-04,1496
825,2018-04-05,1479
826,2018-04-06,1445
827,2018-04-07,1122
828,2018-04-08,952
829,2018-04-09,1445
830,2018-04-10,1275
831,2018-04-11,1190
832,2018-04-12,1598
833,2018-04-13,1564
834,2018-04-14,1054
835,2018-04-15,1088
836,2018-04-16,1224
837,2018-04-17,1224
838,2018-04-18,1275
839,2018-04-19,1258
840,2018-04-20,1275
841,2018-04-21,1122
842,2018-04-22,1020
843,2018-04-23,1377
844,2018-04-24,1666
845,2018-04-25,1479
846,2018-04-26,1156
847,2018-04-27,1088
848,2018-04-28,901
849,2018-04-29,918
850,2018-04-30,1003
851,2018-05-01,900
852,2018-05-02,912
853,2018-05-03,1020
854,2018-05-04,912
855,2018-05-05,936
856,2018-05-06,876
857,2018-05-07,972
858,2018-05-08,936
859,2018-05-09,924
860,2018-05-10,840
861,2018-05-11,1200
862,2018-05-12,876
863,2018-05-13,720
864,2018-05-14,924
865,2018-05-15,780
866,2018-05-16,876
867,2018-05-17,840
868,2018-05-18,828
869,2018-05-19,672
870,2018-05-20,720
871,2018-05-21,708
872,2018-05-22,780
873,2018-05-23,1116
874,2018-05-24,1032
875,2018-05-25,804
876,2018-05-26,744
877,2018-05-27,744
878,2018-05-28,912
879,2018-05-29,852
880,2018-05-30,840
881,2018-05-31,744
882,2018-06-01,624
883,2018-06-02,600
884,2018-06-03,612
885,2018-06-04,624
886,2018-06-05,600
887,2018-06-06,600
888,2018-06-07,600
889,2018-06-08,576
890,2018-06-09,552
891,2018-06-10,780
892,2018-06-11,1200
893,2018-06-12,888
894,2018-06-13,1032
895,2018-06-14,960
896,2018-06-15,696
897,2018-06-16,600
898,2018-06-17,588
899,2018-06-18,708
900,2018-06-19,660
901,2018-06-20,660
902,2018-06-21,624
903,2018-06-22,864
904,2018-06-23,744
905,2018-06-24,804
906,2018-06-25,780
907,2018-06-26,708
908,2018-06-27,696
909,2018-06-28,684
910,2018-06-29,936
911,2018-06-30,828
912,2018-07-01,792
913,2018-07-02,888
914,2018-07-03,792
915,2018-07-04,672
916,2018-07-05,768
917,2018-07-06,732
918,2018-07-07,624
919,2018-07-08,744
920,2018-07-09,672
921,2018-07-10,756
922,2018-07-11,756
923,2018-07-12,780
924,2018-07-13,708
925,2018-07-14,612
926,2018-07-15,588
927,2018-07-16,696
928,2018-07-17,1068
929,2018-07-18,1092
930,2018-07-19,852
931,2018-07-20,852
932,2018-07-21,684
933,2018-07-22,720
934,2018-07-23,780
935,2018-07-24,1200
936,2018-07-25,1080
937,2018-07-26,1008
938,2018-07-27,960
939,2018-07-28,732
940,2018-07-29,696
941,2018-07-30,792
942,2018-07-31,840
943,2018-08-01,825
944,2018-08-02,781
945,2018-08-03,759
946,2018-08-04,737
947,2018-08-05,726
948,2018-08-06,792
949,2018-08-07,814
950,2018-08-08,1067
951,2018-08-09,858
952,2018-08-10,803
953,2018-08-11,792
954,2018-08-12,693
955,2018-08-13,891
956,2018-08-14,1100
957,2018-08-15,913
958,2018-08-16,737
959,2018-08-17,770
960,2018-08-18,671
961,2018-08-19,583
962,2018-08-20,682
963,2018-08-21,825
964,2018-08-22,792
965,2018-08-23,682
966,2018-08-24,682
967,2018-08-25,660
968,2018-08-26,572
969,2018-08-27,660
970,2018-08-28,770
971,2018-08-29,715
972,2018-08-30,594
973,2018-08-31,671
974,2018-09-01,477
975,2018-09-02,504
976,2018-09-03,504
977,2018-09-04,531
978,2018-09-05,702
979,2018-09-06,900
980,2018-09-07,567
981,2018-09-08,522
982,2018-09-09,522
983,2018-09-10,549
984,2018-09-11,576
985,2018-09-12,621
986,2018-09-13,585
987,2018-09-14,504
988,2018-09-15,450
989,2018-09-16,423
990,2018-09-17,504
991,2018-09-18,513
992,2018-09-19,522
993,2018-09-20,603
994,2018-09-21,558
995,2018-09-22,504
996,2018-09-23,441
997,2018-09-24,459
998,2018-09-25,513
999,2018-09-26,531
1000,2018-09-27,477
1001,2018-09-28,477
1002,2018-09-29,405
1003,2018-09-30,405
1004,2018-10-01,504
1005,2018-10-02,483
1006,2018-10-03,427
1007,2018-10-04,441
1008,2018-10-05,483
1009,2018-10-06,413
1010,2018-10-07,385
1011,2018-10-08,476
1012,2018-10-09,455
1013,2018-10-10,511
1014,2018-10-11,700
1015,2018-10-12,553
1016,2018-10-13,462
1017,2018-10-14,427
1018,2018-10-15,574
1019,2018-10-16,539
1020,2018-10-17,469
1021,2018-10-18,469
1022,2018-10-19,462
1023,2018-10-20,406
1024,2018-10-21,392
1025,2018-10-22,455
1026,2018-10-23,490
1027,2018-10-24,455
1028,2018-10-25,469
1029,2018-10-26,441
1030,2018-10-27,399
1031,2018-10-28,350
1032,2018-10-29,525
1033,2018-10-30,490
1034,2018-10-31,497
1035,2018-11-01,341
1036,2018-11-02,330
1037,2018-11-03,308
1038,2018-11-04,341
1039,2018-11-05,374
1040,2018-11-06,352
1041,2018-11-07,297
1042,2018-11-08,341
1043,2018-11-09,330
1044,2018-11-10,286
1045,2018-11-11,275
1046,2018-11-12,308
1047,2018-11-13,330
1048,2018-11-14,583
1049,2018-11-15,682
1050,2018-11-16,462
1051,2018-11-17,440
1052,2018-11-18,385
1053,2018-11-19,693
1054,2018-11-20,1100
1055,2018-11-21,858
1056,2018-11-22,495
1057,2018-11-23,539
1058,2018-11-24,561
1059,2018-11-25,924
1060,2018-11-26,858
1061,2018-11-27,825
1062,2018-11-28,660
1063,2018-11-29,473
1064,2018-11-30,561
1065,2018-12-01,605
1066,2018-12-02,506
1067,2018-12-03,748
1068,2018-12-04,748
1069,2018-12-05,671
1070,2018-12-06,792
1071,2018-12-07,1100
1072,2018-12-08,737
1073,2018-12-09,605
1074,2018-12-10,704
1075,2018-12-11,715
1076,2018-12-12,660
1077,2018-12-13,759
1078,2018-12-14,825
1079,2018-12-15,770
1080,2018-12-16,638
1081,2018-12-17,781
1082,2018-12-18,770
1083,2018-12-19,748
1084,2018-12-20,847
1085,2018-12-21,770
1086,2018-12-22,605
1087,2018-12-23,704
1088,2018-12-24,759
1089,2018-12-25,671
1090,2018-12-26,693
1091,2018-12-27,726
1092,2018-12-28,660
1093,2018-12-29,550
1094,2018-12-30,517
1095,2018-12-31,572
1096,2019-01-01,609
1097,2019-01-02,630
1098,2019-01-03,693
1099,2019-01-04,672
1100,2019-01-05,560
1101,2019-01-06,567
1102,2019-01-07,623
1103,2019-01-08,623
1104,2019-01-09,616
1105,2019-01-10,700
1106,2019-01-11,630
1107,2019-01-12,588
1108,2019-01-13,602
1109,2019-01-14,630
1110,2019-01-15,609
1111,2019-01-16,588
1112,2019-01-17,567
1113,2019-01-18,532
1114,2019-01-19,518
1115,2019-01-20,476
1116,2019-01-21,511
1117,2019-01-22,553
1118,2019-01-23,518
1119,2019-01-24,518
1120,2019-01-25,553
1121,2019-01-26,476
1122,2019-01-27,462
1123,2019-01-28,609
1124,2019-01-29,567
1125,2019-01-30,511
1126,2019-01-31,518
1127,2019-02-01,462
1128,2019-02-02,434
1129,2019-02-03,448
1130,2019-02-04,518
1131,2019-02-05,602
1132,2019-02-06,602
1133,2019-02-07,497
1134,2019-02-08,602
1135,2019-02-09,518
1136,2019-02-10,490
1137,2019-02-11,483
1138,2019-02-12,490
1139,2019-02-13,476
1140,2019-02-14,462
1141,2019-02-15,462
1142,2019-02-16,427
1143,2019-02-17,406
1144,2019-02-18,560
1145,2019-02-19,637
1146,2019-02-20,588
1147,2019-02-21,574
1148,2019-02-22,483
1149,2019-02-23,616
1150,2019-02-24,700
1151,2019-02-25,574
1152,2019-02-26,504
1153,2019-02-27,525
1154,2019-02-28,511
1155,2019-03-01,540
1156,2019-03-02,504
1157,2019-03-03,462
1158,2019-03-04,546
1159,2019-03-05,588
1160,2019-03-06,582
1161,2019-03-07,528
1162,2019-03-08,534
1163,2019-03-09,540
1164,2019-03-10,492
1165,2019-03-11,522
1166,2019-03-12,522
1167,2019-03-13,492
1168,2019-03-14,474
1169,2019-03-15,492
1170,2019-03-16,540
1171,2019-03-17,498
1172,2019-03-18,576
1173,2019-03-19,558
1174,2019-03-20,600
1175,2019-03-21,558
1176,2019-03-22,510
1177,2019-03-23,504
1178,2019-03-24,456
1179,2019-03-25,492
1180,2019-03-26,510
1181,2019-03-27,552
1182,2019-03-28,522
1183,2019-03-29,558
1184,2019-03-30,498
1185,2019-03-31,456
1186,2019-04-01,324
1187,2019-04-02,873
1188,2019-04-03,900
1189,2019-04-04,549
1190,2019-04-05,414
1191,2019-04-06,450
1192,2019-04-07,432
1193,2019-04-08,477
1194,2019-04-09,459
1195,2019-04-10,450
1196,2019-04-11,423
1197,2019-04-12,378
1198,2019-04-13,351
1199,2019-04-14,342
1200,2019-04-15,387
1201,2019-04-16,342
1202,2019-04-17,387
1203,2019-04-18,396
1204,2019-04-19,387
1205,2019-04-20,378
1206,2019-04-21,369
1207,2019-04-22,369
1208,2019-04-23,459
1209,2019-04-24,423
1210,2019-04-25,387
1211,2019-04-26,405
1212,2019-04-27,342
1213,2019-04-28,324
1214,2019-04-29,315
1215,2019-04-30,333
1216,2019-05-01,406
1217,2019-05-02,448
1218,2019-05-03,518
1219,2019-05-04,518
1220,2019-05-05,616
1221,2019-05-06,462
1222,2019-05-07,546
1223,2019-05-08,560
1224,2019-05-09,602
1225,2019-05-10,686
1226,2019-05-11,994
1227,2019-05-12,1134
1228,2019-05-13,1218
1229,2019-05-14,1400
1230,2019-05-15,1148
1231,2019-05-16,1036
1232,2019-05-17,1036
1233,2019-05-18,742
1234,2019-05-19,924
1235,2019-05-20,952
1236,2019-05-21,840
1237,2019-05-22,784
1238,2019-05-23,714
1239,2019-05-24,644
1240,2019-05-25,532
1241,2019-05-26,714
1242,2019-05-27,1008
1243,2019-05-28,854
1244,2019-05-29,840
1245,2019-05-30,882
1246,2019-05-31,826
1247,2019-06-01,425
1248,2019-06-02,391
1249,2019-06-03,408
1250,2019-06-04,493
1251,2019-06-05,357
1252,2019-06-06,357
1253,2019-06-07,357
1254,2019-06-08,340
1255,2019-06-09,323
1256,2019-06-10,340
1257,2019-06-11,323
1258,2019-06-12,357
1259,2019-06-13,340
1260,2019-06-14,357
1261,2019-06-15,391
1262,2019-06-16,510
1263,2019-06-17,578
1264,2019-06-18,578
1265,2019-06-19,459
1266,2019-06-20,493
1267,2019-06-21,680
1268,2019-06-22,1173
1269,2019-06-23,731
1270,2019-06-24,782
1271,2019-06-25,833
1272,2019-06-26,1700
1273,2019-06-27,1411
1274,2019-06-28,952
1275,2019-06-29,680
1276,2019-06-30,595
1277,2019-07-01,1400
1278,2019-07-02,1372
1279,2019-07-03,1274
1280,2019-07-04,1008
1281,2019-07-05,966
1282,2019-07-06,896
1283,2019-07-07,784
1284,2019-07-08,1022
1285,2019-07-09,1288
1286,2019-07-10,1372
1287,2019-07-11,1218
1288,2019-07-12,1204
1289,2019-07-13,854
1290,2019-07-14,924
1291,2019-07-15,1302
1292,2019-07-16,1288
1293,2019-07-17,1176
1294,2019-07-18,1120
1295,2019-07-19,854
1296,2019-07-20,798
1297,2019-07-21,728
1298,2019-07-22,770
1299,2019-07-23,812
1300,2019-07-24,896
1301,2019-07-25,798
1302,2019-07-26,798
1303,2019-07-27,980
1304,2019-07-28,644
1305,2019-07-29,686
1306,2019-07-30,742
1307,2019-07-31,770
1308,2019-08-01,590
1309,2019-08-02,630
1310,2019-08-03,600
1311,2019-08-04,570
1312,2019-08-05,1000
1313,2019-08-06,890
1314,2019-08-07,770
1315,2019-08-08,680
1316,2019-08-09,620
1317,2019-08-10,620
1318,2019-08-11,560
1319,2019-08-12,540
1320,2019-08-13,600
1321,2019-08-14,720
1322,2019-08-15,720
1323,2019-08-16,590
1324,2019-08-17,550
1325,2019-08-18,470
1326,2019-08-19,540
1327,2019-08-20,540
1328,2019-08-21,550
1329,2019-08-22,530
1330,2019-08-23,550
1331,2019-08-24,530
1332,2019-08-25,490
1333,2019-08-26,510
1334,2019-08-27,520
1335,2019-08-28,570
1336,2019-08-29,580
1337,2019-08-30,460
1338,2019-08-31,420
1339,2019-09-01,459
1340,2019-09-02,513
1341,2019-09-03,576
1342,2019-09-04,522
1343,2019-09-05,495
1344,2019-09-06,540
1345,2019-09-07,495
1346,2019-09-08,450
1347,2019-09-09,504
1348,2019-09-10,504
1349,2019-09-11,522
1350,2019-09-12,495
1351,2019-09-13,459
1352,2019-09-14,450
1353,2019-09-15,432
1354,2019-09-16,459
1355,2019-09-17,486
1356,2019-09-18,477
1357,2019-09-19,504
1358,2019-09-20,495
1359,2019-09-21,450
1360,2019-09-22,423
1361,2019-09-23,540
1362,2019-09-24,846
1363,2019-09-25,900
1364,2019-09-26,873
1365,2019-09-27,666
1366,2019-09-28,567
1367,2019-09-29,531
1368,2019-09-30,594
1369,2019-10-01,440
1370,2019-10-02,464
1371,2019-10-03,456
1372,2019-10-04,400
1373,2019-10-05,360
1374,2019-10-06,392
1375,2019-10-07,432
1376,2019-10-08,408
1377,2019-10-09,440
1378,2019-10-10,384
1379,2019-10-11,376
1380,2019-10-12,352
1381,2019-10-13,360
1382,2019-10-14,400
1383,2019-10-15,352
1384,2019-10-16,368
1385,2019-10-17,384
1386,2019-10-18,352
1387,2019-10-19,352
1388,2019-10-20,360
1389,2019-10-21,360
1390,2019-10-22,352
1391,2019-10-23,488
1392,2019-10-24,440
1393,2019-10-25,520
1394,2019-10-26,800
1395,2019-10-27,480
1396,2019-10-28,472
1397,2019-10-29,448
1398,2019-10-30,416
1399,2019-10-31,400
1400,2019-11-01,592
1401,2019-11-02,544
1402,2019-11-03,528
1403,2019-11-04,560
1404,2019-11-05,632
1405,2019-11-06,544
1406,2019-11-07,568
1407,2019-11-08,584
1408,2019-11-09,512
1409,2019-11-10,504
1410,2019-11-11,528
1411,2019-11-12,528
1412,2019-11-13,480
1413,2019-11-14,512
1414,2019-11-15,488
1415,2019-11-16,512
1416,2019-11-17,480
1417,2019-11-18,488
1418,2019-11-19,576
1419,2019-11-20,624
1420,2019-11-21,656
1421,2019-11-22,768
1422,2019-11-23,568
1423,2019-11-24,624
1424,2019-11-25,800
1425,2019-11-26,600
1426,2019-11-27,656
1427,2019-11-28,544
1428,2019-11-29,536
1429,2019-11-30,552
1430,2019-12-01,595
1431,2019-12-02,553
1432,2019-12-03,567
1433,2019-12-04,644
1434,2019-12-05,588
1435,2019-12-06,588
1436,2019-12-07,560
1437,2019-12-08,497
1438,2019-12-09,539
1439,2019-12-10,637
1440,2019-12-11,574
1441,2019-12-12,546
1442,2019-12-13,546
1443,2019-12-14,511
1444,2019-12-15,525
1445,2019-12-16,574
1446,2019-12-17,693
1447,2019-12-18,700
1448,2019-12-19,623
1449,2019-12-20,616
1450,2019-12-21,525
1451,2019-12-22,525
1452,2019-12-23,651
1453,2019-12-24,553
1454,2019-12-25,511
1455,2019-12-26,588
1456,2019-12-27,560
1457,2019-12-28,560
1458,2019-12-29,588
1459,2019-12-30,595
1460,2019-12-31,581
1461,2020-01-01,440
1462,2020-01-02,504
1463,2020-01-03,560
1464,2020-01-04,544
1465,2020-01-05,520
1466,2020-01-06,544
1467,2020-01-07,664
1468,2020-01-08,800
1469,2020-01-09,528
1470,2020-01-10,536
1471,2020-01-11,536
1472,2020-01-12,432
1473,2020-01-13,480
1474,2020-01-14,736
1475,2020-01-15,712
1476,2020-01-16,560
1477,2020-01-17,584
1478,2020-01-18,592
1479,2020-01-19,624
1480,2020-01-20,544
1481,2020-01-21,592
1482,2020-01-22,472
1483,2020-01-23,512
1484,2020-01-24,472
1485,2020-01-25,472
1486,2020-01-26,424
1487,2020-01-27,496
1488,2020-01-28,576
1489,2020-01-29,624
1490,2020-01-30,600
1491,2020-01-31,568
1492,2020-02-01,720
1493,2020-02-02,730
1494,2020-02-03,680
1495,2020-02-04,740
1496,2020-02-05,860
1497,2020-02-06,780
1498,2020-02-07,720
1499,2020-02-08,710
1500,2020-02-09,1000
1501,2020-02-10,840
1502,2020-02-11,870
1503,2020-02-12,970
1504,2020-02-13,850
1505,2020-02-14,780
1506,2020-02-15,780
1507,2020-02-16,820
1508,2020-02-17,750
1509,2020-02-18,740
1510,2020-02-19,880
1511,2020-02-20,780
1512,2020-02-21,720
1513,2020-02-22,700
1514,2020-02-23,700
1515,2020-02-24,810
1516,2020-02-25,800
1517,2020-02-26,810
1518,2020-02-27,910
1519,2020-02-28,930
1520,2020-02-29,690
1521,2020-03-01,390
1522,2020-03-02,364
1523,2020-03-03,364
1524,2020-03-04,312
1525,2020-03-05,338
1526,2020-03-06,351
1527,2020-03-07,312
1528,2020-03-08,377
1529,2020-03-09,676
1530,2020-03-10,429
1531,2020-03-11,364
1532,2020-03-12,884
1533,2020-03-13,1300
1534,2020-03-14,728
1535,2020-03-15,585
1536,2020-03-16,858
1537,2020-03-17,676
1538,2020-03-18,663
1539,2020-03-19,702
1540,2020-03-20,637
1541,2020-03-21,520
1542,2020-03-22,455
1543,2020-03-23,533
1544,2020-03-24,598
1545,2020-03-25,494
1546,2020-03-26,429
1547,2020-03-27,403
1548,2020-03-28,390
1549,2020-03-29,364
1550,2020-03-30,377
1551,2020-03-31,325
1552,2020-04-01,470
1553,2020-04-02,560
1554,2020-04-03,460
1555,2020-04-04,490
1556,2020-04-05,480
1557,2020-04-06,620
1558,2020-04-07,590
1559,2020-04-08,530
1560,2020-04-09,480
1561,2020-04-10,530
1562,2020-04-11,430
1563,2020-04-12,510
1564,2020-04-13,510
1565,2020-04-14,490
1566,2020-04-15,520
1567,2020-04-16,550
1568,2020-04-17,500
1569,2020-04-18,470
1570,2020-04-19,520
1571,2020-04-20,470
1572,2020-04-21,520
1573,2020-04-22,460
1574,2020-04-23,610
1575,2020-04-24,530
1576,2020-04-25,500
1577,2020-04-26,550
1578,2020-04-27,590
1579,2020-04-28,620
1580,2020-04-29,890
1581,2020-04-30,1000
1582,2020-05-01,650
1583,2020-05-02,624
1584,2020-05-03,611
1585,2020-05-04,624
1586,2020-05-05,572
1587,2020-05-06,650
1588,2020-05-07,832
1589,2020-05-08,1001
1590,2020-05-09,832
1591,2020-05-10,1157
1592,2020-05-11,1300
1593,2020-05-12,936
1594,2020-05-13,780
1595,2020-05-14,728
1596,2020-05-15,650
1597,2020-05-16,546
1598,2020-05-17,572
1599,2020-05-18,598
1600,2020-05-19,533
1601,2020-05-20,598
1602,2020-05-21,611
1603,2020-05-22,481
1604,2020-05-23,455
1605,2020-05-24,455
1606,2020-05-25,481
1607,2020-05-26,481
1608,2020-05-27,455
1609,2020-05-28,468
1610,2020-05-29,442
1611,2020-05-30,416
1612,2020-05-31,390
1613,2020-06-01,585
1614,2020-06-02,900
1615,2020-06-03,621
1616,2020-06-04,603
1617,2020-06-05,648
1618,2020-06-06,495
1619,2020-06-07,576
1620,2020-06-08,486
1621,2020-06-09,531
1622,2020-06-10,576
1623,2020-06-11,684
1624,2020-06-12,594
1625,2020-06-13,513
1626,2020-06-14,504
1627,2020-06-15,585
1628,2020-06-16,594
1629,2020-06-17,549
1630,2020-06-18,486
1631,2020-06-19,504
1632,2020-06-20,495
1633,2020-06-21,477
1634,2020-06-22,504
1635,2020-06-23,531
1636,2020-06-24,504
1637,2020-06-25,522
1638,2020-06-26,558
1639,2020-06-27,468
1640,2020-06-28,531
1641,2020-06-29,495
1642,2020-06-30,495
1643,2020-07-01,400
1644,2020-07-02,420
1645,2020-07-03,410
1646,2020-07-04,380
1647,2020-07-05,430
1648,2020-07-06,430
1649,2020-07-07,410
1650,2020-07-08,490
1651,2020-07-09,450
1652,2020-07-10,420
1653,2020-07-11,390
1654,2020-07-12,430
1655,2020-07-13,400
1656,2020-07-14,450
1657,2020-07-15,570
1658,2020-07-16,660
1659,2020-07-17,460
1660,2020-07-18,430
1661,2020-07-19,420
1662,2020-07-20,390
1663,2020-07-21,410
1664,2020-07-22,410
1665,2020-07-23,460
1666,2020-07-24,480
1667,2020-07-25,490
1668,2020-07-26,530
1669,2020-07-27,1000
1670,2020-07-28,980
1671,2020-07-29,750
1672,2020-07-30,650
1673,2020-07-31,670
1674,2020-08-01,825
1675,2020-08-02,1100
1676,2020-08-03,781
1677,2020-08-04,693
1678,2020-08-05,781
1679,2020-08-06,781
1680,2020-08-07,726
1681,2020-08-08,660
1682,2020-08-09,594
1683,2020-08-10,748
1684,2020-08-11,693
1685,2020-08-12,594
1686,2020-08-13,693
1687,2020-08-14,638
1688,2020-08-15,627
1689,2020-08-16,594
1690,2020-08-17,836
1691,2020-08-18,748
1692,2020-08-19,627
1693,2020-08-20,561
1694,2020-08-21,561
1695,2020-08-22,550
1696,2020-08-23,495
1697,2020-08-24,506
1698,2020-08-25,539
1699,2020-08-26,462
1700,2020-08-27,495
1701,2020-08-28,495
1702,2020-08-29,429
1703,2020-08-30,473
1704,2020-08-31,473
1705,2020-09-01,688
1706,2020-09-02,712
1707,2020-09-03,800
1708,2020-09-04,776
1709,2020-09-05,768
1710,2020-09-06,672
1711,2020-09-07,648
1712,2020-09-08,672
1713,2020-09-09,608
1714,2020-09-10,576
1715,2020-09-11,544
1716,2020-09-12,560
1717,2020-09-13,528
1718,2020-09-14,552
1719,2020-09-15,568
1720,2020-09-16,568
1721,2020-09-17,584
1722,2020-09-18,552
1723,2020-09-19,568
1724,2020-09-20,600
1725,2020-09-21,576
1726,2020-09-22,544
1727,2020-09-23,544
1728,2020-09-24,512
1729,2020-09-25,520
1730,2020-09-26,568
1731,2020-09-27,480
1732,2020-09-28,528
1733,2020-09-29,528
1734,2020-09-30,496
1735,2020-10-01,400
1736,2020-10-02,410
1737,2020-10-03,410
1738,2020-10-04,380
1739,2020-10-05,440
1740,2020-10-06,410
1741,2020-10-07,370
1742,2020-10-08,430
1743,2020-10-09,450
1744,2020-10-10,460
1745,2020-10-11,440
1746,2020-10-12,470
1747,2020-10-13,460
1748,2020-10-14,540
1749,2020-10-15,420
1750,2020-10-16,500
1751,2020-10-17,440
1752,2020-10-18,440
1753,2020-10-19,490
1754,2020-10-20,550
1755,2020-10-21,990
1756,2020-10-22,1000
1757,2020-10-23,730
1758,2020-10-24,570
1759,2020-10-25,620
1760,2020-10-26,650
1761,2020-10-27,850
1762,2020-10-28,830
1763,2020-10-29,640
1764,2020-10-30,620
1765,2020-10-31,660
1766,2020-11-01,595
1767,2020-11-02,612
1768,2020-11-03,595
1769,2020-11-04,476
1770,2020-11-05,816
1771,2020-11-06,935
1772,2020-11-07,697
1773,2020-11-08,612
1774,2020-11-09,782
1775,2020-11-10,646
1776,2020-11-11,697
1777,2020-11-12,799
1778,2020-11-13,935
1779,2020-11-14,731
1780,2020-11-15,595
1781,2020-11-16,952
1782,2020-11-17,1428
1783,2020-11-18,1615
1784,2020-11-19,1241
1785,2020-11-20,1309
1786,2020-11-21,1292
1787,2020-11-22,1105
1788,2020-11-23,1224
1789,2020-11-24,1581
1790,2020-11-25,1343
1791,2020-11-26,1700
1792,2020-11-27,1292
1793,2020-11-28,1020
1794,2020-11-29,1003
1795,2020-11-30,1445
1796,2020-12-01,1404
1797,2020-12-02,1107
1798,2020-12-03,1053
1799,2020-12-04,1080
1800,2020-12-05,864
1801,2020-12-06,783
1802,2020-12-07,891
1803,2020-12-08,864
1804,2020-12-09,891
1805,2020-12-10,810
1806,2020-12-11,837
1807,2020-12-12,648
1808,2020-12-13,702
1809,2020-12-14,729
1810,2020-12-15,810
1811,2020-12-16,1647
1812,2020-12-17,2700
1813,2020-12-18,1863
1814,2020-12-19,1458
1815,2020-12-20,1377
1816,2020-12-21,1539
1817,2020-12-22,1350
1818,2020-12-23,1323
1819,2020-12-24,1080
1820,2020-12-25,1134
1821,2020-12-26,1728
1822,2020-12-27,2187
1823,2020-12-28,1971
1824,2020-12-29,1701
1825,2020-12-30,1971
1826,2020-12-31,1971
1827,2021-01-01,1650
1828,2021-01-02,3150
1829,2021-01-03,3450
1830,2021-01-04,2850
1831,2021-01-05,2450
1832,2021-01-06,2800
1833,2021-01-07,4200
1834,2021-01-08,4200
1835,2021-01-09,3300
1836,2021-01-10,3100
1837,2021-01-11,5000
1838,2021-01-12,3500
1839,2021-01-13,3150
1840,2021-01-14,2950
1841,2021-01-15,2700
1842,2021-01-16,2200
1843,2021-01-17,2000
1844,2021-01-18,1850
1845,2021-01-19,1950
1846,2021-01-20,1850
1847,2021-01-21,2400
1848,2021-01-22,2550
1849,2021-01-23,1650
1850,2021-01-24,1450
1851,2021-01-25,1650
1852,2021-01-26,1550
1853,2021-01-27,1700
1854,2021-01-28,2000
1855,2021-01-29,3250
1856,2021-01-30,2050
1857,2021-01-31,1600
1858,2021-02-01,1938
1859,2021-02-02,1785
1860,2021-02-03,1836
1861,2021-02-04,2040
1862,2021-02-05,1785
1863,2021-02-06,2244
1864,2021-02-07,1938
1865,2021-02-08,4692
1866,2021-02-09,5100
1867,2021-02-10,3468
1868,2021-02-11,3111
1869,2021-02-12,2907
1870,2021-02-13,2499
1871,2021-02-14,2550
1872,2021-02-15,2754
1873,2021-02-16,3111
1874,2021-02-17,3519
1875,2021-02-18,3213
1876,2021-02-19,3519
1877,2021-02-20,4029
1878,2021-02-21,3315
1879,2021-02-22,3672
1880,2021-02-23,4794
1881,2021-02-24,3468
1882,2021-02-25,2958
1883,2021-02-26,2805
1884,2021-02-27,2193
1885,2021-02-28,2499
1886,2021-03-01,3465
1887,2021-03-02,3010
1888,2021-03-03,2800
1889,2021-03-04,2765
1890,2021-03-05,2625
1891,2021-03-06,2275
1892,2021-03-07,2380
1893,2021-03-08,2765
1894,2021-03-09,3360
1895,2021-03-10,3045
1896,2021-03-11,2800
1897,2021-03-12,2695
1898,2021-03-13,3500
1899,2021-03-14,3220
1900,2021-03-15,3115
1901,2021-03-16,2905
1902,2021-03-17,2800
1903,2021-03-18,2905
1904,2021-03-19,2520
1905,2021-03-20,2205
1906,2021-03-21,2170
1907,2021-03-22,2450
1908,2021-03-23,2415
1909,2021-03-24,2730
1910,2021-03-25,3010
1911,2021-03-26,2520
1912,2021-03-27,2135
1913,2021-03-28,1995
1914,2021-03-29,2380
1915,2021-03-30,2485
1916,2021-03-31,2450
1917,2021-04-01,2964
1918,2021-04-02,2052
1919,2021-04-03,1672
1920,2021-04-04,1596
1921,2021-04-05,1824
1922,2021-04-06,1786
1923,2021-04-07,1786
1924,2021-04-08,1634
1925,2021-04-09,1482
1926,2021-04-10,1748
1927,2021-04-11,1748
1928,2021-04-12,1862
1929,2021-04-13,2584
1930,2021-04-14,3078
1931,2021-04-15,2622
1932,2021-04-16,3116
1933,2021-04-17,2394
1934,2021-04-18,3800
1935,2021-04-19,3268
1936,2021-04-20,2850
1937,2021-04-21,2318
1938,2021-04-22,2584
1939,2021-04-23,3762
1940,2021-04-24,2736
1941,2021-04-25,2318
1942,2021-04-26,2774
1943,2021-04-27,2546
1944,2021-04-28,2090
1945,2021-04-29,1900
1946,2021-04-30,1824
1947,2021-05-01,1080
1948,2021-05-02,1080
1949,2021-05-03,1260
1950,2021-05-04,1395
1951,2021-05-05,1395
1952,2021-05-06,1305
1953,2021-05-07,1215
1954,2021-05-08,1305
1955,2021-05-09,1395
1956,2021-05-10,1395
1957,2021-05-11,1305
1958,2021-05-12,1485
1959,2021-05-13,3240
1960,2021-05-14,1935
1961,2021-05-15,1440
1962,2021-05-16,1665
1963,2021-05-17,2430
1964,2021-05-18,1710
1965,2021-05-19,4500
1966,2021-05-20,3150
1967,2021-05-21,2475
1968,2021-05-22,2025
1969,2021-05-23,2565
1970,2021-05-24,2520
1971,2021-05-25,1935
1972,2021-05-26,1530
1973,2021-05-27,1350
1974,2021-05-28,1440
1975,2021-05-29,1440
1976,2021-05-30,1350
1977,2021-05-31,1305
1978,2021-06-01,1920
1979,2021-06-02,1792
1980,2021-06-03,1664
1981,2021-06-04,2144
1982,2021-06-05,1856
1983,2021-06-06,1856
1984,2021-06-07,1984
1985,2021-06-08,2912
1986,2021-06-09,2560
1987,2021-06-10,2240
1988,2021-06-11,1888
1989,2021-06-12,1568
1990,2021-06-13,1696
1991,2021-06-14,2144
1992,2021-06-15,1824
1993,2021-06-16,1600
1994,2021-06-17,1472
1995,2021-06-18,1600
1996,2021-06-19,1312
1997,2021-06-20,1440
1998,2021-06-21,2432
1999,2021-06-22,3200
2000,2021-06-23,2208
2001,2021-06-24,1792
2002,2021-06-25,1760
2003,2021-06-26,1536
2004,2021-06-27,1440
2005,2021-06-28,1632
2006,2021-06-29,1536
2007,2021-06-30,1440
2008,2021-07-01,1144
2009,2021-07-02,1166
2010,2021-07-03,1078
2011,2021-07-04,1078
2012,2021-07-05,1122
2013,2021-07-06,1078
2014,2021-07-07,1012
2015,2021-07-08,1210
2016,2021-07-09,1056
2017,2021-07-10,902
2018,2021-07-11,968
2019,2021-07-12,1078
2020,2021-07-13,1078
2021,2021-07-14,1078
2022,2021-07-15,1056
2023,2021-07-16,1078
2024,2021-07-17,924
2025,2021-07-18,946
2026,2021-07-19,1254
2027,2021-07-20,1606
2028,2021-07-21,1386
2029,2021-07-22,1188
2030,2021-07-23,1034
2031,2021-07-24,1056
2032,2021-07-25,1166
2033,2021-07-26,2200
2034,2021-07-27,1474
2035,2021-07-28,1474
2036,2021-07-29,1232
2037,2021-07-30,1122
2038,2021-07-31,1254
2039,2021-08-01,1638
2040,2021-08-02,1722
2041,2021-08-03,1575
2042,2021-08-04,1596
2043,2021-08-05,1575
2044,2021-08-06,1722
2045,2021-08-07,1827
2046,2021-08-08,1806
2047,2021-08-09,2100
2048,2021-08-10,2016
2049,2021-08-11,1911
2050,2021-08-12,1806
2051,2021-08-13,1806
2052,2021-08-14,1659
2053,2021-08-15,1575
2054,2021-08-16,1680
2055,2021-08-17,1638
2056,2021-08-18,1491
2057,2021-08-19,1470
2058,2021-08-20,1680
2059,2021-08-21,1554
2060,2021-08-22,1491
2061,2021-08-23,1995
2062,2021-08-24,1785
2063,2021-08-25,1533
2064,2021-08-26,1533
2065,2021-08-27,1470
2066,2021-08-28,1323
2067,2021-08-29,1239
2068,2021-08-30,1344
2069,2021-08-31,1470
2070,2021-09-01,945
2071,2021-09-02,1050
2072,2021-09-03,1113
2073,2021-09-04,903
2074,2021-09-05,945
2075,2021-09-06,1134
2076,2021-09-07,2100
2077,2021-09-08,1701
2078,2021-09-09,1239
2079,2021-09-10,1134
2080,2021-09-11,924
2081,2021-09-12,861
2082,2021-09-13,1050
2083,2021-09-14,987
2084,2021-09-15,1071
2085,2021-09-16,945
2086,2021-09-17,945
2087,2021-09-18,798
2088,2021-09-19,714
2089,2021-09-20,1302
2090,2021-09-21,1323
2091,2021-09-22,1134
2092,2021-09-23,1008
2093,2021-09-24,1659
2094,2021-09-25,1155
2095,2021-09-26,798
2096,2021-09-27,966
2097,2021-09-28,987
2098,2021-09-29,1008
2099,2021-09-30,966
2100,2021-10-01,1222
2101,2021-10-02,1040
2102,2021-10-03,962
2103,2021-10-04,1118
2104,2021-10-05,1404
2105,2021-10-06,1638
2106,2021-10-07,1534
2107,2021-10-08,1326
2108,2021-10-09,1170
2109,2021-10-10,1144
2110,2021-10-11,1378
2111,2021-10-12,1430
2112,2021-10-13,1300
2113,2021-10-14,1352
2114,2021-10-15,2132
2115,2021-10-16,1664
2116,2021-10-17,1430
2117,2021-10-18,1846
2118,2021-10-19,2314
2119,2021-10-20,2600
2120,2021-10-21,2418
2121,2021-10-22,1976
2122,2021-10-23,1482
2123,2021-10-24,1352
2124,2021-10-25,1664
2125,2021-10-26,2314
2126,2021-10-27,2028
2127,2021-10-28,1794
2128,2021-10-29,1664
2129,2021-10-30,1378
2130,2021-10-31,1248
2131,2021-11-01,1700
2132,2021-11-02,1900
2133,2021-11-03,1700
2134,2021-11-04,1825
2135,2021-11-05,1750
2136,2021-11-06,1600
2137,2021-11-07,1425
2138,2021-11-08,2225
2139,2021-11-09,2500
2140,2021-11-10,2275
2141,2021-11-11,1975
2142,2021-11-12,1775
2143,2021-11-13,1575
2144,2021-11-14,1675
2145,2021-11-15,1775
2146,2021-11-16,2225
2147,2021-11-17,2025
2148,2021-11-18,2075
2149,2021-11-19,2075
2150,2021-11-20,1625
2151,2021-11-21,1575
2152,2021-11-22,1800
2153,2021-11-23,1900
2154,2021-11-24,1750
2155,2021-11-25,1550
2156,2021-11-26,2150
2157,2021-11-27,1800
2158,2021-11-28,1550
2159,2021-11-29,1675
2160,2021-11-30,1900
2161,2021-12-01,1104
2162,2021-12-02,1056
2163,2021-12-03,1104
2164,2021-12-04,2400
2165,2021-12-05,1800
2166,2021-12-06,1632
2167,2021-12-07,1344
2168,2021-12-08,1248
2169,2021-12-09,1224
2170,2021-12-10,1224
2171,2021-12-11,1032
2172,2021-12-12,1056
2173,2021-12-13,1296
2174,2021-12-14,1416
2175,2021-12-15,1320
2176,2021-12-16,1152
2177,2021-12-17,1104
2178,2021-12-18,1032
2179,2021-12-19,1008
2180,2021-12-20,1080
2181,2021-12-21,1128
2182,2021-12-22,1104
2183,2021-12-23,1056
2184,2021-12-24,1128
2185,2021-12-25,1032
2186,2021-12-26,936
2187,2021-12-27,1032
2188,2021-12-28,1056
2189,2021-12-29,1056
2190,2021-12-30,1056
2191,2021-12-31,960
